{
  "accuracy": 0.84412,
  "precision": 0.8709148917823575,
  "recall": 0.808,
  "f1": 0.8382786238950907,
  "test_size": 25000,
  "best_val_accuracy": 0.8468,
  "best_val_f1": 0.8479935143899473,
  "decision_threshold": 0.46000000000000013
}